student.07.b874467a7@gmail.com	AC14c103849aca	Michael Logan	ACTIVE
host.05.4304dedd7@gmail.com	1f29d9f877dda6	Andre Degroat	INACTIVE
guest.05.5b68d7462@gmail.com	f70b1cc3fb8c74	Deborah Tolbert	INACTIVE
student.01.f204b1241@gmail.com	bd7022a32907c0	Allison Villa	INACTIVE
host.05.02560dd9d@gmail.com	61cc96ada94bed	Hubert Anderson	INACTIVE
client.01.1dbcea3da@gmail.com	b5675d9ff02708	Albert Mancuso	INACTIVE
student.08.7d0c597f0@gmail.com	5c4c9c9a4a0955	Douglas Gonzalez	INACTIVE
student.03.c650b39ef@gmail.com	672cba6873194e	Nicholas Robinette	INACTIVE
student.06.08b9615f7@gmail.com	2b1a4b2bd92d82	Thomas Blenden	INACTIVE
host.06.e32cadd10@gmail.com	3b82c2ed923ebf	Tana Atkins	INACTIVE
